timestamp_utc,name,url,expected_status,actual_status,latency_ms,is_up,error
2026-04-23T13:39:51.914540+00:00,Google,https://google.com,200,200,175,1,
2026-04-23T13:39:52.631554+00:00,GitHub API,https://apub.com,200,200,716,1,
2026-04-23T13:50:26.497043+00:00,Google,https://google.com,200,200,129,1,
2026-04-23T13:50:26.530418+00:00,Test Site,http://thesdsfsf.com/,200,0,33,0,URLError: <urlopen error [Errno -2] Name or service not known>
2026-04-23T13:54:14.281759+00:00,Google,https://google.com,200,200,207,1,
2026-04-23T13:54:14.401128+00:00,Test Site,http://thesdsfsf.com/,200,0,119,0,URLError: <urlopen error [Errno -2] Name or service not known>
2026-04-23T13:57:20.353584+00:00,Google,https://google.com,200,200,145,1,
2026-04-23T13:57:20.419179+00:00,Test Site,http://thesdsfsf.com/,200,0,65,0,URLError: <urlopen error [Errno -2] Name or service not known>
2026-04-23T14:01:52.467407+00:00,Google,https://google.com,200,200,376,1,
2026-04-23T14:01:52.521471+00:00,Test Site,http://thesdsfsf.com/,200,0,54,0,URLError: <urlopen error [Errno -2] Name or service not known>
2026-04-23T14:03:52.568533+00:00,Google,https://google.com,200,200,190,1,
2026-04-23T14:03:52.583031+00:00,Test Site,http://thesdsfsf.com/,200,0,14,0,URLError: <urlopen error [Errno -2] Name or service not known>
2026-04-23T15:27:55.784442+00:00,Google,https://google.com,200,200,329,1,
2026-04-23T15:27:55.809677+00:00,Test Site,http://thesdsfsf.com/,200,0,25,0,URLError: <urlopen error [Errno -2] Name or service not known>
2026-04-23T16:59:42.707556+00:00,Google,https://google.com,200,200,214,1,
2026-04-23T16:59:43.395132+00:00,Github,http://github.com/,200,200,687,1,
2026-04-23T18:08:20.942724+00:00,Google,https://google.com,200,200,282,1,
2026-04-23T18:08:21.179734+00:00,Github,http://github.com/,200,200,236,1,
2026-04-23T19:39:24.894564+00:00,Google,https://google.com,200,200,190,1,
2026-04-23T19:39:25.609918+00:00,Github,http://github.com/,200,200,715,1,
2026-04-23T20:36:30.485150+00:00,Google,https://google.com,200,200,196,1,
2026-04-23T20:36:30.766503+00:00,Github,http://github.com/,200,200,281,1,
2026-04-23T21:28:03.726626+00:00,Google,https://google.com,200,200,149,1,
2026-04-23T21:28:03.824522+00:00,Github,http://github.com/,200,200,97,1,
2026-04-23T22:08:01.448921+00:00,Google,https://google.com,200,200,189,1,
2026-04-23T22:08:01.698612+00:00,Github,http://github.com/,200,200,249,1,
2026-04-23T23:04:57.623783+00:00,Google,https://google.com,200,200,171,1,
2026-04-23T23:04:57.891022+00:00,Github,http://github.com/,200,200,267,1,
2026-04-24T00:01:07.411751+00:00,Google,https://google.com,200,200,180,1,
2026-04-24T00:01:07.505225+00:00,Github,http://github.com/,200,200,93,1,
2026-04-24T03:48:15.712702+00:00,Google,https://google.com,200,200,119,1,
2026-04-24T03:48:15.772628+00:00,Github,http://github.com/,200,200,59,1,
2026-04-24T06:03:24.245748+00:00,Google,https://google.com,200,200,213,1,
2026-04-24T06:03:24.495946+00:00,Github,http://github.com/,200,200,250,1,
2026-04-24T08:21:04.659448+00:00,Google,https://google.com,200,200,229,1,
2026-04-24T08:21:04.947853+00:00,Github,http://github.com/,200,200,288,1,
2026-04-24T09:08:01.176232+00:00,Google,https://google.com,200,200,245,1,
2026-04-24T09:08:01.451194+00:00,Github,http://github.com/,200,200,274,1,
2026-04-24T09:59:42.386495+00:00,Google,https://google.com,200,200,209,1,
2026-04-24T09:59:42.620383+00:00,Github,http://github.com/,200,200,233,1,
2026-04-24T11:08:50.351588+00:00,Google,https://google.com,200,200,188,1,
2026-04-24T11:08:50.451474+00:00,Github,http://github.com/,200,200,99,1,
2026-04-24T12:04:24.066859+00:00,Google,https://google.com,200,200,165,1,
2026-04-24T12:04:24.754626+00:00,Github,http://github.com/,200,200,687,1,
2026-04-24T14:04:34.084219+00:00,Google,https://google.com,200,200,117,1,
2026-04-24T14:04:34.138528+00:00,Github,http://github.com/,200,200,54,1,
2026-04-24T15:35:18.715563+00:00,Google,https://google.com,200,200,121,1,
2026-04-24T15:35:18.770171+00:00,Github,http://github.com/,200,200,54,1,
2026-04-24T16:37:06.464128+00:00,Google,https://google.com,200,200,151,1,
2026-04-24T16:37:06.755063+00:00,Github,http://github.com/,200,200,290,1,
2026-04-24T17:35:47.700460+00:00,Google,https://google.com,200,200,193,1,
2026-04-24T17:35:47.806853+00:00,Github,http://github.com/,200,200,106,1,
2026-04-24T18:28:12.264698+00:00,Google,https://google.com,200,200,130,1,
2026-04-24T18:28:12.326752+00:00,Github,http://github.com/,200,200,62,1,
2026-04-24T19:28:54.414869+00:00,Google,https://google.com,200,200,221,1,
2026-04-24T19:28:54.709161+00:00,Github,http://github.com/,200,200,294,1,
2026-04-24T20:07:41.779825+00:00,Google,https://google.com,200,200,217,1,
2026-04-24T20:07:42.045352+00:00,Github,http://github.com/,200,200,265,1,
2026-04-24T21:04:26.944765+00:00,Google,https://google.com,200,200,207,1,
2026-04-24T21:04:27.216459+00:00,Github,http://github.com/,200,200,271,1,
2026-04-24T22:00:33.229710+00:00,Google,https://google.com,200,200,361,1,
2026-04-24T22:00:33.793935+00:00,Github,http://github.com/,200,200,564,1,
2026-04-24T22:56:57.427776+00:00,Google,https://google.com,200,200,221,1,
2026-04-24T22:56:58.189658+00:00,Github,http://github.com/,200,200,761,1,
2026-04-24T23:36:37.052055+00:00,Google,https://google.com,200,200,162,1,
2026-04-24T23:36:37.713920+00:00,Github,http://github.com/,200,200,661,1,
2026-04-25T01:04:31.393736+00:00,Google,https://google.com,200,200,161,1,
2026-04-25T01:04:32.092805+00:00,Github,http://github.com/,200,200,699,1,
2026-04-25T04:07:14.712842+00:00,Google,https://google.com,200,200,194,1,
2026-04-25T04:07:15.007041+00:00,Github,http://github.com/,200,200,294,1,
2026-04-25T05:57:00.014384+00:00,Google,https://google.com,200,200,220,1,
2026-04-25T05:57:00.762765+00:00,Github,http://github.com/,200,200,748,1,
2026-04-25T07:10:36.062350+00:00,Google,https://google.com,200,200,149,1,
2026-04-25T07:10:36.291660+00:00,Github,http://github.com/,200,200,229,1,
2026-04-25T08:11:40.128700+00:00,Google,https://google.com,200,200,201,1,
2026-04-25T08:11:40.816292+00:00,Github,http://github.com/,200,200,687,1,
2026-04-25T09:09:13.642270+00:00,Google,https://google.com,200,200,173,1,
2026-04-25T09:09:13.889411+00:00,Github,http://github.com/,200,200,247,1,
2026-04-25T10:03:23.534534+00:00,Google,https://google.com,200,200,158,1,
2026-04-25T10:03:23.810111+00:00,Github,http://github.com/,200,200,275,1,
2026-04-25T11:01:35.373675+00:00,Google,https://google.com,200,200,111,1,
2026-04-25T11:01:35.435188+00:00,Github,http://github.com/,200,200,61,1,
2026-04-25T11:52:22.513462+00:00,Google,https://google.com,200,200,139,1,
2026-04-25T11:52:22.738239+00:00,Github,http://github.com/,200,200,224,1,
2026-04-25T12:42:21.866181+00:00,Google,https://google.com,200,200,196,1,
2026-04-25T12:42:22.200690+00:00,Github,http://github.com/,200,200,334,1,
2026-04-25T13:50:52.188116+00:00,Google,https://google.com,200,200,147,1,
2026-04-25T13:50:52.411746+00:00,Github,http://github.com/,200,200,223,1,
2026-04-25T14:36:37.473839+00:00,Google,https://google.com,200,200,161,1,
2026-04-25T14:36:37.534994+00:00,Github,http://github.com/,200,200,61,1,
2026-04-25T15:25:35.339267+00:00,Google,https://google.com,200,200,267,1,
2026-04-25T15:25:35.655045+00:00,Github,http://github.com/,200,200,315,1,
2026-04-25T16:01:51.622540+00:00,Google,https://google.com,200,200,141,1,
2026-04-25T16:01:51.731339+00:00,Github,http://github.com/,200,502,108,0,HTTPError: HTTP Error 502: Bad Gateway or Proxy Error
2026-04-25T17:00:41.784293+00:00,Google,https://google.com,200,200,380,1,
2026-04-25T17:00:42.064777+00:00,Github,http://github.com/,200,200,280,1,
2026-04-25T17:55:51.837974+00:00,Google,https://google.com,200,200,198,1,
2026-04-25T17:55:52.510895+00:00,Github,http://github.com/,200,200,672,1,
2026-04-25T18:40:29.922708+00:00,Google,https://google.com,200,200,287,1,
2026-04-25T18:40:30.163254+00:00,Github,http://github.com/,200,200,240,1,
2026-04-25T19:32:03.819460+00:00,Google,https://google.com,200,200,128,1,
2026-04-25T19:32:03.875562+00:00,Github,http://github.com/,200,200,56,1,
2026-04-25T20:20:40.295116+00:00,Google,https://google.com,200,200,164,1,
2026-04-25T20:20:40.359444+00:00,Github,http://github.com/,200,200,64,1,
2026-04-25T21:01:55.332884+00:00,Google,https://google.com,200,200,344,1,
2026-04-25T21:01:55.914550+00:00,Github,http://github.com/,200,200,581,1,
2026-04-25T21:52:03.702366+00:00,Google,https://google.com,200,200,159,1,
2026-04-25T21:52:04.029250+00:00,Github,http://github.com/,200,200,326,1,
2026-04-25T22:27:35.962055+00:00,Google,https://google.com,200,200,152,1,
2026-04-25T22:27:36.178470+00:00,Github,http://github.com/,200,200,216,1,
2026-04-25T23:04:24.867470+00:00,Google,https://google.com,200,200,144,1,
2026-04-25T23:04:24.968505+00:00,Github,http://github.com/,200,200,100,1,
2026-04-25T23:53:39.316804+00:00,Google,https://google.com,200,200,183,1,
2026-04-25T23:53:39.554473+00:00,Github,http://github.com/,200,200,237,1,
2026-04-26T01:53:46.570224+00:00,Google,https://google.com,200,200,224,1,
2026-04-26T01:53:46.830140+00:00,Github,http://github.com/,200,200,259,1,
2026-04-26T04:53:45.957981+00:00,Google,https://google.com,200,200,181,1,
2026-04-26T04:53:46.050931+00:00,Github,http://github.com/,200,200,92,1,
2026-04-26T06:55:30.770245+00:00,Google,https://google.com,200,200,466,1,
2026-04-26T06:55:31.034933+00:00,Github,http://github.com/,200,200,264,1,
2026-04-26T08:13:34.773752+00:00,Google,https://google.com,200,200,184,1,
2026-04-26T08:13:35.039892+00:00,Github,http://github.com/,200,200,266,1,
2026-04-26T09:14:48.694064+00:00,Google,https://google.com,200,200,168,1,
2026-04-26T09:14:48.911009+00:00,Github,http://github.com/,200,200,216,1,
2026-04-26T10:07:26.406979+00:00,Google,https://google.com,200,200,138,1,
2026-04-26T10:07:26.458364+00:00,Github,http://github.com/,200,200,51,1,
2026-04-26T11:02:01.617048+00:00,Google,https://google.com,200,200,225,1,
2026-04-26T11:02:01.670335+00:00,Github,http://github.com/,200,200,53,1,
2026-04-26T11:54:01.146162+00:00,Google,https://google.com,200,200,138,1,
2026-04-26T11:54:01.405370+00:00,Github,http://github.com/,200,200,259,1,
2026-04-26T12:44:33.669055+00:00,Google,https://google.com,200,200,194,1,
2026-04-26T12:44:33.914958+00:00,Github,http://github.com/,200,200,245,1,
2026-04-26T13:54:17.316840+00:00,Google,https://google.com,200,200,358,1,
2026-04-26T13:54:17.885055+00:00,Github,http://github.com/,200,200,568,1,
2026-04-26T14:37:12.781281+00:00,Google,https://google.com,200,200,125,1,
2026-04-26T14:37:12.841013+00:00,Github,http://github.com/,200,200,59,1,
2026-04-26T15:27:38.949888+00:00,Google,https://google.com,200,200,116,1,
2026-04-26T15:27:39.004891+00:00,Github,http://github.com/,200,200,54,1,
2026-04-26T16:05:38.093572+00:00,Google,https://google.com,200,200,147,1,
2026-04-26T16:05:38.343115+00:00,Github,http://github.com/,200,200,249,1,
2026-04-26T17:00:50.116770+00:00,Google,https://google.com,200,200,242,1,
2026-04-26T17:00:50.450870+00:00,Github,http://github.com/,200,200,334,1,
2026-04-26T17:57:12.900897+00:00,Google,https://google.com,200,200,142,1,
2026-04-26T17:57:13.173872+00:00,Github,http://github.com/,200,200,272,1,
2026-04-26T18:51:05.985716+00:00,Google,https://google.com,200,200,166,1,
2026-04-26T18:51:06.083394+00:00,Github,http://github.com/,200,200,97,1,
2026-04-26T19:40:16.658456+00:00,Google,https://google.com,200,200,220,1,
2026-04-26T19:40:16.928057+00:00,Github,http://github.com/,200,200,269,1,
2026-04-26T20:21:37.761069+00:00,Google,https://google.com,200,200,171,1,
2026-04-26T20:21:37.990675+00:00,Github,http://github.com/,200,200,229,1,
2026-04-26T21:02:00.114527+00:00,Google,https://google.com,200,200,311,1,
2026-04-26T21:02:00.419874+00:00,Github,http://github.com/,200,200,305,1,
2026-04-26T21:53:18.312492+00:00,Google,https://google.com,200,200,172,1,
2026-04-26T21:53:18.540344+00:00,Github,http://github.com/,200,200,227,1,
2026-04-26T22:29:10.998730+00:00,Google,https://google.com,200,200,164,1,
2026-04-26T22:29:11.603946+00:00,Github,http://github.com/,200,200,605,1,
2026-04-26T23:07:31.388505+00:00,Google,https://google.com,200,200,158,1,
2026-04-26T23:07:31.467398+00:00,Github,http://github.com/,200,200,78,1,
2026-04-26T23:54:53.306893+00:00,Google,https://google.com,200,200,204,1,
2026-04-26T23:54:53.575800+00:00,Github,http://github.com/,200,200,268,1,
2026-04-27T01:57:32.824662+00:00,Google,https://google.com,200,200,165,1,
2026-04-27T01:57:33.046168+00:00,Github,http://github.com/,200,200,221,1,
2026-04-27T05:22:06.324804+00:00,Google,https://google.com,200,200,205,1,
2026-04-27T05:22:07.012783+00:00,Github,http://github.com/,200,200,687,1,
2026-04-27T07:43:39.590923+00:00,Google,https://google.com,200,200,202,1,
2026-04-27T07:43:39.843241+00:00,Github,http://github.com/,200,200,252,1,
2026-04-27T09:59:17.783679+00:00,Google,https://google.com,200,200,108,1,
2026-04-27T09:59:17.840496+00:00,Github,http://github.com/,200,200,56,1,
2026-04-27T11:46:07.517534+00:00,Google,https://google.com,200,200,229,1,
2026-04-27T11:46:07.788294+00:00,Github,http://github.com/,200,200,270,1,
2026-04-27T13:19:31.688125+00:00,Google,https://google.com,200,200,332,1,
2026-04-27T13:19:32.237686+00:00,Github,http://github.com/,200,200,549,1,
2026-04-27T15:22:12.629480+00:00,Google,https://google.com,200,200,230,1,
2026-04-27T15:22:12.760577+00:00,Github,http://github.com/,200,200,131,1,
2026-04-27T17:01:54.976873+00:00,Google,https://google.com,200,200,121,1,
2026-04-27T17:01:55.047618+00:00,Github,http://github.com/,200,200,70,1,
2026-04-27T18:19:04.316759+00:00,Google,https://google.com,200,200,166,1,
2026-04-27T18:19:04.568055+00:00,Github,http://github.com/,200,200,251,1,
2026-04-27T19:52:39.643163+00:00,Google,https://google.com,200,200,268,1,
2026-04-27T19:52:39.957895+00:00,Github,http://github.com/,200,200,314,1,
2026-04-27T20:53:42.907119+00:00,Google,https://google.com,200,200,159,1,
2026-04-27T20:53:43.148134+00:00,Github,http://github.com/,200,200,240,1,
2026-04-27T21:47:43.368448+00:00,Google,https://google.com,200,200,183,1,
2026-04-27T21:47:43.622728+00:00,Github,http://github.com/,200,200,254,1,
2026-04-27T22:41:01.372542+00:00,Google,https://google.com,200,200,154,1,
2026-04-27T22:41:02.059092+00:00,Github,http://github.com/,200,200,686,1,
2026-04-27T23:36:42.571894+00:00,Google,https://google.com,200,200,171,1,
2026-04-27T23:36:42.825355+00:00,Github,http://github.com/,200,200,253,1,
2026-04-28T01:21:32.362840+00:00,Google,https://google.com,200,200,131,1,
2026-04-28T01:21:32.423597+00:00,Github,http://github.com/,200,200,60,1,
2026-04-28T04:51:11.209233+00:00,Google,https://google.com,200,200,303,1,
2026-04-28T04:51:11.520355+00:00,Github,http://github.com/,200,200,311,1,
2026-04-28T07:27:11.768149+00:00,Google,https://google.com,200,200,147,1,
2026-04-28T07:27:12.106371+00:00,Github,http://github.com/,200,200,338,1,
2026-04-28T09:40:26.259057+00:00,Google,https://google.com,200,200,147,1,
2026-04-28T09:40:26.537896+00:00,Github,http://github.com/,200,200,278,1,
2026-04-28T11:26:06.828027+00:00,Google,https://google.com,200,200,228,1,
2026-04-28T11:26:07.360427+00:00,Github,http://github.com/,200,200,532,1,
2026-04-28T13:09:21.853703+00:00,Google,https://google.com,200,200,248,1,
2026-04-28T13:09:22.045982+00:00,Github,http://github.com/,200,502,192,0,HTTPError: HTTP Error 502: Bad Gateway or Proxy Error
2026-04-28T15:35:52.514900+00:00,Google,https://google.com,200,200,160,1,
2026-04-28T15:35:53.231064+00:00,Github,http://github.com/,200,200,716,1,
2026-04-28T17:18:39.325301+00:00,Google,https://google.com,200,200,279,1,
2026-04-28T17:18:39.576214+00:00,Github,http://github.com/,200,200,250,1,
2026-04-28T19:00:04.890251+00:00,Google,https://google.com,200,200,160,1,
2026-04-28T19:00:05.111375+00:00,Github,http://github.com/,200,200,221,1,
2026-04-28T20:20:50.565473+00:00,Google,https://google.com,200,200,185,1,
2026-04-28T20:20:50.617755+00:00,Github,http://github.com/,200,200,52,1,
2026-04-28T21:35:23.198753+00:00,Google,https://google.com,200,200,118,1,
2026-04-28T21:35:23.256918+00:00,Github,http://github.com/,200,200,58,1,
2026-04-28T22:37:26.788031+00:00,Google,https://google.com,200,200,162,1,
2026-04-28T22:37:26.892134+00:00,Github,http://github.com/,200,200,104,1,
2026-04-28T23:35:33.172523+00:00,Google,https://google.com,200,200,172,1,
2026-04-28T23:35:33.826426+00:00,Github,http://github.com/,200,200,653,1,
2026-04-29T01:22:36.232191+00:00,Google,https://google.com,200,200,166,1,
2026-04-29T01:22:36.972705+00:00,Github,http://github.com/,200,200,740,1,
2026-04-29T04:46:07.434938+00:00,Google,https://google.com,200,200,174,1,
2026-04-29T04:46:08.040758+00:00,Github,http://github.com/,200,200,605,1,
2026-04-29T07:16:19.927814+00:00,Google,https://google.com,200,200,158,1,
2026-04-29T07:16:20.022826+00:00,Github,http://github.com/,200,200,94,1,
2026-04-29T09:31:06.613190+00:00,Google,https://google.com,200,200,145,1,
2026-04-29T09:31:06.709087+00:00,Github,http://github.com/,200,200,95,1,
2026-04-29T11:17:39.187724+00:00,Google,https://google.com,200,200,278,1,
2026-04-29T11:17:39.286766+00:00,Github,http://github.com/,200,200,98,1,
2026-04-29T13:03:11.940539+00:00,Google,https://google.com,200,200,286,1,
2026-04-29T13:03:12.194614+00:00,Github,http://github.com/,200,200,254,1,
2026-04-29T15:25:38.538469+00:00,Google,https://google.com,200,200,214,1,
2026-04-29T15:25:39.308672+00:00,Github,http://github.com/,200,200,770,1,
2026-04-29T16:58:28.760085+00:00,Google,https://google.com,200,200,219,1,
2026-04-29T16:58:29.332320+00:00,Github,http://github.com/,200,200,572,1,
2026-04-29T18:11:36.946671+00:00,Google,https://google.com,200,200,167,1,
2026-04-29T18:11:37.046189+00:00,Github,http://github.com/,200,200,99,1,
2026-04-29T19:53:21.737305+00:00,Google,https://google.com,200,200,222,1,
2026-04-29T19:53:22.348786+00:00,Github,http://github.com/,200,200,611,1,
2026-04-29T20:54:07.918528+00:00,Google,https://google.com,200,200,318,1,
2026-04-29T20:54:08.258288+00:00,Github,http://github.com/,200,200,339,1,
2026-04-29T21:53:19.423842+00:00,Google,https://google.com,200,200,186,1,
2026-04-29T21:53:19.528222+00:00,Github,http://github.com/,200,200,104,1,
2026-04-29T22:48:02.465808+00:00,Google,https://google.com,200,200,201,1,
2026-04-29T22:48:02.521229+00:00,Github,http://github.com/,200,200,55,1,
2026-04-29T23:44:56.864993+00:00,Google,https://google.com,200,200,128,1,
2026-04-29T23:44:56.923882+00:00,Github,http://github.com/,200,200,58,1,
2026-04-30T01:23:59.116393+00:00,Google,https://google.com,200,200,246,1,
2026-04-30T01:23:59.646288+00:00,Github,http://github.com/,200,200,529,1,
2026-04-30T04:50:11.633468+00:00,Google,https://google.com,200,200,267,1,
2026-04-30T04:50:12.259529+00:00,Github,http://github.com/,200,200,626,1,
2026-04-30T07:24:09.376201+00:00,Google,https://google.com,200,200,233,1,
2026-04-30T07:24:09.740705+00:00,Github,http://github.com/,200,200,364,1,
2026-04-30T09:33:02.867469+00:00,Google,https://google.com,200,200,267,1,
2026-04-30T09:33:02.916119+00:00,Github,http://github.com/,200,200,48,1,
2026-04-30T11:18:11.368829+00:00,Google,https://google.com,200,200,155,1,
2026-04-30T11:18:12.094881+00:00,Github,http://github.com/,200,200,726,1,
2026-04-30T13:02:30.373337+00:00,Google,https://google.com,200,200,194,1,
2026-04-30T13:02:33.419356+00:00,Github,http://github.com/,200,200,3045,1,
2026-04-30T15:21:56.912242+00:00,Google,https://google.com,200,200,195,1,
2026-04-30T15:21:57.202749+00:00,Github,http://github.com/,200,200,290,1,
2026-04-30T16:54:12.999009+00:00,Google,https://google.com,200,200,167,1,
2026-04-30T16:54:13.265758+00:00,Github,http://github.com/,200,200,266,1,
2026-04-30T18:05:39.846407+00:00,Google,https://google.com,200,200,163,1,
2026-04-30T18:05:39.914351+00:00,Github,http://github.com/,200,200,67,1,
2026-04-30T19:47:56.358939+00:00,Google,https://google.com,200,200,236,1,
2026-04-30T19:47:56.619416+00:00,Github,http://github.com/,200,200,260,1,
2026-04-30T20:51:41.165411+00:00,Google,https://google.com,200,200,252,1,
2026-04-30T20:51:41.785335+00:00,Github,http://github.com/,200,200,619,1,
2026-04-30T21:49:52.537115+00:00,Google,https://google.com,200,200,183,1,
2026-04-30T21:49:52.591297+00:00,Github,http://github.com/,200,200,54,1,
2026-04-30T22:42:52.582670+00:00,Google,https://google.com,200,200,210,1,
2026-04-30T22:42:52.805784+00:00,Github,http://github.com/,200,200,223,1,
2026-04-30T23:36:21.230696+00:00,Google,https://google.com,200,200,153,1,
2026-04-30T23:36:21.479655+00:00,Github,http://github.com/,200,200,248,1,
2026-05-01T01:26:42.795893+00:00,Google,https://google.com,200,200,200,1,
2026-05-01T01:26:43.041989+00:00,Github,http://github.com/,200,200,246,1,
2026-05-01T05:04:48.329866+00:00,Google,https://google.com,200,200,166,1,
2026-05-01T05:04:48.384824+00:00,Github,http://github.com/,200,200,54,1,
2026-05-01T07:35:52.077328+00:00,Google,https://google.com,200,200,210,1,
2026-05-01T07:35:52.380798+00:00,Github,http://github.com/,200,200,303,1,
2026-05-01T09:20:22.877427+00:00,Google,https://google.com,200,200,143,1,
2026-05-01T09:20:22.975592+00:00,Github,http://github.com/,200,200,98,1,
2026-05-01T10:50:49.537378+00:00,Google,https://google.com,200,200,152,1,
2026-05-01T10:50:49.801079+00:00,Github,http://github.com/,200,200,263,1,
2026-05-01T11:51:55.216077+00:00,Google,https://google.com,200,200,256,1,
2026-05-01T11:51:55.516367+00:00,Github,http://github.com/,200,200,300,1,
2026-05-01T12:58:13.994983+00:00,Google,https://google.com,200,200,156,1,
2026-05-01T12:58:14.263771+00:00,Github,http://github.com/,200,200,268,1,
2026-05-01T14:16:26.757137+00:00,Google,https://google.com,200,200,150,1,
2026-05-01T14:16:26.979403+00:00,Github,http://github.com/,200,200,222,1,
2026-05-01T15:31:12.628483+00:00,Google,https://google.com,200,200,236,1,
2026-05-01T15:31:12.963942+00:00,Github,http://github.com/,200,200,335,1,
2026-05-01T16:37:00.703862+00:00,Google,https://google.com,200,200,300,1,
2026-05-01T16:37:01.134962+00:00,Github,http://github.com/,200,200,431,1,
2026-05-01T17:39:50.225749+00:00,Google,https://google.com,200,200,115,1,
2026-05-01T17:39:50.311049+00:00,Github,http://github.com/,200,200,85,1,
2026-05-01T18:45:07.662445+00:00,Google,https://google.com,200,200,138,1,
2026-05-01T18:45:07.741967+00:00,Github,http://github.com/,200,200,79,1,
2026-05-01T19:53:11.742926+00:00,Google,https://google.com,200,200,293,1,
2026-05-01T19:53:12.526656+00:00,Github,http://github.com/,200,200,783,1,
2026-05-01T20:41:48.544385+00:00,Google,https://google.com,200,200,334,1,
2026-05-01T20:41:49.266212+00:00,Github,http://github.com/,200,200,721,1,
2026-05-01T21:37:07.138491+00:00,Google,https://google.com,200,200,179,1,
2026-05-01T21:37:07.236317+00:00,Github,http://github.com/,200,200,97,1,
2026-05-01T22:33:19.169250+00:00,Google,https://google.com,200,200,160,1,
2026-05-01T22:33:19.243462+00:00,Github,http://github.com/,200,200,74,1,
2026-05-01T23:36:02.714046+00:00,Google,https://google.com,200,200,211,1,
2026-05-01T23:36:02.991878+00:00,Github,http://github.com/,200,200,277,1,
2026-05-02T01:17:23.389606+00:00,Google,https://google.com,200,200,248,1,
2026-05-02T01:17:23.740144+00:00,Github,http://github.com/,200,200,350,1,
2026-05-02T04:35:43.476857+00:00,Google,https://google.com,200,200,123,1,
2026-05-02T04:35:43.530587+00:00,Github,http://github.com/,200,200,53,1,
2026-05-02T06:29:47.782859+00:00,Google,https://google.com,200,200,234,1,
2026-05-02T06:29:48.402997+00:00,Github,http://github.com/,200,200,620,1,
2026-05-02T08:09:08.032842+00:00,Google,https://google.com,200,200,200,1,
2026-05-02T08:09:08.134171+00:00,Github,http://github.com/,200,200,101,1,
2026-05-02T09:19:36.542941+00:00,Google,https://google.com,200,200,115,1,
2026-05-02T09:19:36.597945+00:00,Github,http://github.com/,200,200,54,1,
2026-05-02T10:27:05.794467+00:00,Google,https://google.com,200,200,140,1,
2026-05-02T10:27:06.098726+00:00,Github,http://github.com/,200,200,304,1,
2026-05-02T11:13:12.444820+00:00,Google,https://google.com,200,200,145,1,
2026-05-02T11:13:12.494848+00:00,Github,http://github.com/,200,200,49,1,
2026-05-02T11:59:20.032612+00:00,Google,https://google.com,200,200,200,1,
2026-05-02T11:59:20.769617+00:00,Github,http://github.com/,200,200,736,1,
2026-05-02T13:18:41.211079+00:00,Google,https://google.com,200,200,187,1,
2026-05-02T13:18:41.449359+00:00,Github,http://github.com/,200,200,238,1,
2026-05-02T14:28:09.626518+00:00,Google,https://google.com,200,200,160,1,
2026-05-02T14:28:09.894311+00:00,Github,http://github.com/,200,200,267,1,
